{
  "Actuals": {
    "legacyOthers": [0, 0, 0, 35834, 197845, 242894, 359743, 323632, 285251, 0, 0, 0, 0, 0, 0, 0],
    "legacyCoreUnits": [
      0, 167294.68000000002, 1029219.3700000002, 1137201.2599999998, 2360351.1399999997, 3916496.4099999997, 4433917.45,
      4317541.300000001, 2162848.4899999998, 959777.52, 832247.11, 827416.67, 667147.82, 298737.15, 0, 0
    ],
    "governanceScope": [],
    "stability": [],
    "support": [0, 0, 0, 0, 0, 0, 0, 0, 0, 0, 356270.22000000003, 368860.93, 345496.39, 242889.16999999998, 0, 0],
    "protocol": [0, 0, 0, 0, 0, 0, 0, 0, 0, 62093.12, 445093.51, 299096.38, 210207.5, 0, 0, 0],
    "accessibility": [0, 0, 0, 0, 0, 0, 0, 0, 0, 0, 446726.05000000005, 447976.05, 664655.6199999999, 659228.57, 0, 0],
    "immutable": [0, 0, 0, 0, 0, 0, 0, 0, 0, 0, 0, 0, 0, 0, 0, 0]
  },
  "PaymentsOnChain": {
    "legacyOthers": [
      0, 0, 0, 9826.65630000001, 143346.76752000005, 243222.5528043, 314382.82132850005, 290301.0666774, 350131.38633,
      150868.54189500003, 41374.318999999996, 4504.77322, 0, -0.000019999999494757503, 0, 0
    ],
    "legacyCoreUnits": [
      55866.75, 661434.458, 1212690.38625, 2969581.33188, 3213085.76501, 3676124.96302, 4558875.50125, 3092874.99815,
      3693493.84415, 3361813.1750000003, 1443329.793774, 738308.4299999999, 58925.31, 0, 185000, 0
    ],
    "governanceScope": [],
    "stability": [0, 0, 0, 0, 0, 0, 0, 0, 0, 765000, 898466, 1110738, 525032, -3867.8600000000006, 0, 0],
    "support": [
      0, 0, 0, 0, 0, 0, 0, 0, 0, 449437.47, 1033487.3788000001, 3112452.4099999997, 1415846.7619999996,
      946915.6599999998, -348556.76, 0
    ],
    "protocol": [0, 0, 0, 0, 0, 0, 0, 0, 0, 345616.67, 563900, 462950, 712669.33, 724075.54, -275000, 0],
    "accessibility": [
      0, 0, 0, 0, 0, 0, 0, 0, 0, 0, 2523796.14, 2075881.575, 5462546.63, 7441300.470000001, 1961619.51, 0
    ],
    "immutable": [0, 0, 0, 0, 0, 0, 0, 0, 0, 0, -147255.8316, 163209.9555, 228939.05304999996, 112786.94099999999, 0, 0]
  },
  "Forecast": {
    "legacyOthers": [],
    "legacyCoreUnits": [
      0, 149489, 1169577.04, 1824786.8399999999, 2891544.0799999996, 2965921.44, 3656806.51, 3113618.94, 2647820.85,
      2664183.3600000003, 2314012.94, 1428184.8900000001, 799108.66, 366708.67000000004, 620854.34, 0
    ],
    "governanceScope": [],
    "stability": [],
    "support": [0, 0, 0, 0, 0, 0, 0, 0, 0, 0, 123895.2, 371967.6, 372108.60000000003, 372108.60000000003, 248072.4, 0],
    "protocol": [0, 0, 0, 0, 0, 0, 0, 0, 0, 0, 149000, 150000, 0, 0, 0, 0],
    "accessibility": [
      0, 0, 0, 0, 0, 0, 0, 0, 0, 0, 291331.5, 433051.48, 436757.75999999995, 1301524.3900000001, 725239.07, 0
    ],
    "immutable": []
  },
  "ProtocolNetOutflow": {
    "legacyOthers": [
      0, 0, 0, 35834, 204786, 520730.5899, 944756.2915, 1568943.8235, 2141815.4235, 2193119.3335, 2193119.3335,
      2193119.3335, 2193119.3335, 2188119.3335, 2188119.3335, 2188119.3335
    ],
    "legacyCoreUnits": [
      0, 340984, 5187388, 6791485, 19526394.153399996, 21630196.3984, 23269461.8668347, 25955636.8138347,
      30953810.173834704, 34418450.4638347, 36760573.8408347, 37380788.94083471, 37380788.94083471, 37610788.94083471,
      37610788.94083471, 37610788.94083471
    ],
    "governanceScope": [0, 0, 0, 0, 0, 0, 0, 0, 0, 0, 0, 236956.076, 612224.178, 899918.071, 922123.946, 922123.946],
    "stability": [0, 0, 0, 0, 0, 0, 0, 0, 0, 765000, 1663466, 2774204, 3342204, 3342204, 3342204, 3342204],
    "support": [0, 0, 0, 0, 0, 0, 0, 0, 0, 100000, 100000, 100000, 100000, 100000, 100000, 100000],
    "protocol": [
      0, 0, 0, 0, 0, 0, 0, 0, 0, 423262.493, 1611739.0461472003, 2313912.1016272, 3171443.4489521994, 4037846.969152199,
      4041867.3771521994, 4041867.3771521994
    ],
    "accessibility": [0, 0, 0, 0, 0, 0, 0, 0, 0, 0, 2941993, 5141993, 12641993, 23000000, 27500000, 27500000],
    "immutable": []
  },
  "PaymentsOffChainIncluded": {
    "legacyOthers": [
      0, 0, 0, 0, 1150, 65220.57, 77432.44, 307736.77999999997, 411909.03050999995, 611602.1884100001,
      630410.8750100002, 626815.9703340002, 629964.0402840002, 630084.5101040002, 629690.9238040003, 629690.9238040003
    ],
    "legacyCoreUnits": [
      55866.75, 780933.418, 2695010.55425, 5779431.436249999, 13941481.622910004, 17695251.840030007,
      22153761.695280008, 25497588.90333001, 30125079.01748001, 35616914.87248001, 39810550.99908402, 40679243.95908402,
      41036981.869084015, 42022502.97578402, 42022502.97578402, 42022502.97578402
    ],
    "governanceScope": [
      0, 0, 0, 0, 0, 0, 0, 0, 0, 0, 0, 232792.049, 584293.8017000001, 846528.8017000001, 868348.8017000001,
      868348.8017000001
    ],
    "stability": [],
    "support": [0, 0, 0, 0, 0, 0, 0, 0, 0, 100000, 100000, 100000, 100000, 100000, 100000, 100000],
    "protocol": [
      0, 0, 0, 0, 0, 0, 0, 0, 0, 480679.413, 1642202.7974, 2618074.5799833317, 4580199.389763332, 6727143.086169915,
      6434199.976627991, 6434199.976627991
    ],
    "accessibility": [],
    "immutable": []
  },
  "OperationalReserves": {
    "legacyOthers": [
      0, 0, 0, 35834, 203636, 455510.0199, 867323.8515000001, 1261207.0435, 1729906.39299, 1581517.1450900002,
      1562708.45849, 1566303.363166, 1563155.2932159998, 1558034.823396, 1558428.409696, 1558428.409696
    ],
    "legacyCoreUnits": [
      -55866.75, -439949.41799999995, 2492377.44575, 1012053.5637500007, 5584912.530489992, 3934944.558369994,
      1115700.171554692, 458047.9105046913, 828731.1563546956, -1198464.4086453095, -3049977.1582493186,
      -3298455.0182493106, -3656192.928249307, -4411714.03494931, -4411714.03494931, -4411714.03494931
    ],
    "governanceScope": [
      0, 0, 0, 0, 0, 0, 0, 0, 0, 0, 0, 4164.027000000002, 27930.376299999887, 53389.26929999993, 53775.14429999993,
      53775.14429999993
    ],
    "stability": [0, 0, 0, 0, 0, 0, 0, 0, 0, 765000, 1663466, 2774204, 3342204, 3342204, 3342204, 3342204],
    "support": [0, 0, 0, 0, 0, 0, 0, 0, 0, 0, 0, 0, 0, 0, 0, 0],
    "protocol": [
      0, 0, 0, 0, 0, 0, 0, 0, 0, -57416.919999999984, -30463.75125279976, -304162.4783561318, -1408755.9408111325,
      -2689296.117017716, -2392332.599475791, -2392332.599475791
    ],
    "accessibility": [0, 0, 0, 0, 0, 0, 0, 0, 0, 0, 2941993, 5141993, 12641993, 23000000, 27500000, 27500000],
    "immutable": []
  }
}
